category,item,quantity,unit,status,notes,source
Printed assembly,Lower collar and foot -1,1,part,Modeled / STL supplied,PETG; 100% infill requested. Lower_collar_and_foot_-1.stl,Current Fusion service-upgrade revision
Printed assembly,Removable upper collar -1,1,part,Modeled / STL supplied,PETG; 100% infill requested. Removable_upper_collar_-1.stl,Current Fusion service-upgrade revision
Printed assembly,Lower collar and foot 1,1,part,Modeled / STL supplied,PETG; 100% infill requested. Lower_collar_and_foot_1.stl,Current Fusion service-upgrade revision
Printed assembly,Removable upper collar 1,1,part,Modeled / STL supplied,PETG; 100% infill requested. Removable_upper_collar_1.stl,Current Fusion service-upgrade revision
Printed assembly,H Rear Starboard fixed receiver and support,1,part,Modeled / STL supplied,PETG; 100% infill requested. H_Rear_Starboard_fixed_receiver_and_support.stl,Current Fusion service-upgrade revision
Printed assembly,H Rear Port fixed receiver and support,1,part,Modeled / STL supplied,PETG; 100% infill requested. H_Rear_Port_fixed_receiver_and_support.stl,Current Fusion service-upgrade revision
Printed assembly,H Front Starboard fixed receiver and support,1,part,Modeled / STL supplied,PETG; 100% infill requested. H_Front_Starboard_fixed_receiver_and_support.stl,Current Fusion service-upgrade revision
Printed assembly,H Front Port fixed receiver and support,1,part,Modeled / STL supplied,PETG; 100% infill requested. H_Front_Port_fixed_receiver_and_support.stl,Current Fusion service-upgrade revision
Printed assembly,V Starboard fixed receiver and support,1,part,Modeled / STL supplied,PETG; 100% infill requested. V_Starboard_fixed_receiver_and_support.stl,Current Fusion service-upgrade revision
Printed assembly,V Port fixed receiver and support,1,part,Modeled / STL supplied,PETG; 100% infill requested. V_Port_fixed_receiver_and_support.stl,Current Fusion service-upgrade revision
Printed assembly,H Rear Starboard removable rail jaw,1,part,Modeled / STL supplied,PETG; 100% infill requested. H_Rear_Starboard_removable_rail_jaw.stl,Current Fusion service-upgrade revision
Printed assembly,H Rear Port removable rail jaw,1,part,Modeled / STL supplied,PETG; 100% infill requested. H_Rear_Port_removable_rail_jaw.stl,Current Fusion service-upgrade revision
Printed assembly,H Front Starboard removable rail jaw,1,part,Modeled / STL supplied,PETG; 100% infill requested. H_Front_Starboard_removable_rail_jaw.stl,Current Fusion service-upgrade revision
Printed assembly,V Starboard removable rail jaw,1,part,Modeled / STL supplied,PETG; 100% infill requested. V_Starboard_removable_rail_jaw.stl,Current Fusion service-upgrade revision
Printed assembly,H Front Port removable rail jaw,1,part,Modeled / STL supplied,PETG; 100% infill requested. H_Front_Port_removable_rail_jaw.stl,Current Fusion service-upgrade revision
Printed assembly,V Port removable rail jaw,1,part,Modeled / STL supplied,PETG; 100% infill requested. V_Port_removable_rail_jaw.stl,Current Fusion service-upgrade revision
Printed assembly,Rear lower deck half - H2D,1,part,Modeled / STL supplied,PETG; 100% infill requested. Rear_lower_deck_half_-_H2D.stl,Current Fusion service-upgrade revision
Printed assembly,Rear upper cover half - H2D,1,part,Modeled / STL supplied,PETG; 100% infill requested. Rear_upper_cover_half_-_H2D.stl,Current Fusion service-upgrade revision
Printed assembly,Front lower deck half - H2D,1,part,Modeled / STL supplied,PETG; 100% infill requested. Front_lower_deck_half_-_H2D.stl,Current Fusion service-upgrade revision
Printed assembly,Front upper cover half - H2D,1,part,Modeled / STL supplied,PETG; 100% infill requested. Front_upper_cover_half_-_H2D.stl,Current Fusion service-upgrade revision
Printed assembly,One-piece service handle - two bolts,1,part,Modeled / STL supplied,PETG; 100% infill requested. One-piece_service_handle_-_two_bolts.stl,Current Fusion service-upgrade revision
Printed assembly,Starboard rear upright - M4 insert,1,part,Modeled / STL supplied,PETG; 100% infill requested. Starboard_rear_upright_-_M4_insert.stl,Current Fusion service-upgrade revision
Printed assembly,Starboard front upright - M4 insert,1,part,Modeled / STL supplied,PETG; 100% infill requested. Starboard_front_upright_-_M4_insert.stl,Current Fusion service-upgrade revision
Printed assembly,Starboard top beam - keyed M4 joints,1,part,Modeled / STL supplied,PETG; 100% infill requested. Starboard_top_beam_-_keyed_M4_joints.stl,Current Fusion service-upgrade revision
Printed assembly,Port rear upright - M4 insert,1,part,Modeled / STL supplied,PETG; 100% infill requested. Port_rear_upright_-_M4_insert.stl,Current Fusion service-upgrade revision
Printed assembly,Port front upright - M4 insert,1,part,Modeled / STL supplied,PETG; 100% infill requested. Port_front_upright_-_M4_insert.stl,Current Fusion service-upgrade revision
Printed assembly,Port top beam - keyed M4 joints,1,part,Modeled / STL supplied,PETG; 100% infill requested. Port_top_beam_-_keyed_M4_joints.stl,Current Fusion service-upgrade revision
Custom assembly hardware,M4 x 20 socket-head screw,16,screw,Modeled,Dimensions in mm; screw length excludes head. Material/grade to be selected.,Current Fusion service-upgrade revision
Custom assembly hardware,M4 x 25 socket-head screw,4,screw,Modeled,Dimensions in mm; screw length excludes head. Material/grade to be selected.,Current Fusion service-upgrade revision
Custom assembly hardware,M4 x 35 socket-head screw,2,screw,Modeled,Dimensions in mm; screw length excludes head. Material/grade to be selected.,Current Fusion service-upgrade revision
Custom assembly hardware,M4 x 45 socket-head screw,12,screw,Modeled,Dimensions in mm; screw length excludes head. Material/grade to be selected.,Current Fusion service-upgrade revision
Custom assembly hardware,M4 x 30 socket-head screw,4,screw,Modeled,Dimensions in mm; screw length excludes head. Material/grade to be selected.,Current Fusion service-upgrade revision
Custom assembly hardware,M4 hex nut,34,nut,Modeled,Nominal 7 mm across flats x 3.2 mm thick; retained pockets are not sized for arbitrary locknuts.,Current Fusion service-upgrade revision
Custom assembly hardware,M4 washer: 8 mm OD / 4.4 mm ID / 0.8 mm thick,16,washer,Modeled,Collar and rail-clamp washers; radii checked in active Fusion document.,Current Fusion service-upgrade revision
Custom assembly hardware,M4 washer: 9 mm OD / 4.4 mm ID / 0.8 mm thick,40,washer,Modeled,Frame and mounting washers; radii checked in active Fusion document.,Current Fusion service-upgrade revision
Custom assembly hardware,M4 heat-set insert: 6.0 mm maximum OD x 8.1 mm long,4,insert,Design basis; exact product unconfirmed,5.6 mm nominal pilot; 10.2 mm deep. Test actual insert in coupon before full printing.,Current Fusion service-upgrade revision
Existing enclosure/electronics hardware,90037A105 screw (imported CAD label),6,screw,Modeled in reused assembly,Counted separate screw solids. Thread/length and purchased item not independently verified; do not order solely from this label.,Original enclosure snapshot in active Fusion document
Existing enclosure/electronics hardware,91290A006 screw (imported CAD label),4,screw,Modeled in reused assembly,Counted separate screw solids. Thread/length and purchased item not independently verified; do not order solely from this label.,Original enclosure snapshot in active Fusion document
Existing enclosure/electronics hardware,91290A011 screw (imported CAD label),4,screw,Modeled in reused assembly,Counted separate screw solids. Thread/length and purchased item not independently verified; do not order solely from this label.,Original enclosure snapshot in active Fusion document
Existing enclosure/electronics hardware,91290A124 screw (imported CAD label),4,screw,Modeled in reused assembly,Counted separate screw solids. Thread/length and purchased item not independently verified; do not order solely from this label.,Original enclosure snapshot in active Fusion document
Existing enclosure/electronics hardware,91292A114 screw (imported CAD label),6,screw,Modeled in reused assembly,Counted separate screw solids. Thread/length and purchased item not independently verified; do not order solely from this label.,Original enclosure snapshot in active Fusion document
Existing enclosure/electronics hardware,91292A115 screw (imported CAD label),6,screw,Modeled in reused assembly,Counted separate screw solids. Thread/length and purchased item not independently verified; do not order solely from this label.,Original enclosure snapshot in active Fusion document
Existing enclosure and internals,"4-inch acrylic enclosure tube, 200 mm long",1,piece / assembly,Modeled; reuse intended,Existing enclosure; measured tube OD 114.3 mm.,Current Fusion service-upgrade revision
Existing enclosure and internals,4-inch O-ring flange assembly,2,piece / assembly,Modeled; reuse intended,Each imported flange assembly contains two CAD bodies. Seal quantities and kit contents require confirmation.,Current Fusion service-upgrade revision
Existing enclosure and internals,Front acrylic end cap,1,piece / assembly,Modeled; reuse intended,Existing Acrylic_end_cap_blank component.,Current Fusion service-upgrade revision
Existing enclosure and internals,"Rear aluminum end cap, five M10 openings",1,piece / assembly,Modeled; reuse intended,Existing Aluminum_end_cap_5XM10 CAD label. Actual penetrator choices remain unspecified.,Current Fusion service-upgrade revision
Existing enclosure and internals,Internal mounting rail BR-102784-200 RevA,2,piece / assembly,Modeled; reuse intended,Reused CAD components.,Current Fusion service-upgrade revision
Existing enclosure and internals,Electronics tray,1,piece / assembly,Modeled; reuse intended,Existing tray; excluded from the 27 newly supplied printed frame/mount parts.,Current Fusion service-upgrade revision
Enclosure mounting,1 mm soft enclosure liner half,4,half,Modeled; material to select,"Two upper and two lower halves, one pair per collar. Not a rigid PETG print.",Current Fusion service-upgrade revision
Propulsion,APISQUEEN U01 thruster with attached rail — horizontal,4,assembly,Modeled,Includes supplied thruster/rail geometry; factory hardware is not separately itemized.,Current Fusion service-upgrade revision
Propulsion,APISQUEEN U01 thruster with attached rail — vertical,2,assembly,Modeled,Includes supplied thruster/rail geometry; factory hardware is not separately itemized.,Current Fusion service-upgrade revision
Existing electronics,Turnigy 4S 4000 mAh battery,1,assembly,Present in CAD; configuration unverified,From Battery_Turnigy_4S_4000 CAD label; actual pack and operating limits need confirmation.,Current Fusion service-upgrade revision
Existing electronics,4-in-1 55 A ESC board,1,assembly,Present in CAD; configuration unverified,From ESC_4in1_55A CAD label. Four channels represented; reversible operation and compatibility not verified.,Current Fusion service-upgrade revision
Existing electronics,ARK FPV Rev 1.0 board,1,assembly,Present in CAD; configuration unverified,"One board, regardless of its 887 imported CAD bodies. Role and wiring are not validated here.",Current Fusion service-upgrade revision
Existing electronics,ESP32-P4-WIFI6-POE-ETH board,1,assembly,Present in CAD; configuration unverified,"One board, regardless of its 821 imported CAD bodies. Power and communication implementation remains to be finalized.",Current Fusion service-upgrade revision
Existing electronics,Cam V2.1 camera module,1,assembly,Present in CAD; configuration unverified,One imported camera assembly; exact electrical interface/variant to confirm.,Current Fusion service-upgrade revision
Unspecified / not procurement-ready,Additional thruster ESC channels,2,channel,Required or optional provision; see notes,Six motors need six suitable channels; only a four-channel board is represented. Two extra channels or a replacement six-channel arrangement must be specified.,Current Fusion service-upgrade revision
Unspecified / not procurement-ready,Tether cable,TBD,length,Required or optional provision; see notes,"Diameter, length, construction and communication/power arrangement not chosen.",Current Fusion service-upgrade revision
Unspecified / not procurement-ready,Tether strain-relief assembly,1,assembly,Required or optional provision; see notes,Select for actual tether; use lower-frame eye through suitable soft loop/strap. Load rating unassigned.,Current Fusion service-upgrade revision
Unspecified / not procurement-ready,Cable ties / cable retention straps,TBD,piece,Required or optional provision; see notes,Twelve printed cable-tie locations: eight upright guides and four deck tie pairs. Final routing determines quantity and size.,Current Fusion service-upgrade revision
Unspecified / not procurement-ready,Buoyancy material and retaining straps,TBD,set,Required or optional provision; see notes,"Two upper mounting areas; material, depth rating, volume and strap quantity to be selected after weight/trim assessment.",Current Fusion service-upgrade revision
Unspecified / not procurement-ready,Ballast and its retention hardware,TBD,set,Required or optional provision; see notes,Two slotted lower mounting pads; mass and hardware depend on measured buoyancy and trim.,Current Fusion service-upgrade revision
Unspecified / not procurement-ready,Lifting/recovery bridle or spreader arrangement,TBD,assembly,Required or optional provision; see notes,"Optional future rigging for four lower-frame eyes. Routing, working load and physical tests not established.",Current Fusion service-upgrade revision
Unspecified / not procurement-ready,Enclosure O-rings / seals,TBD,set,Required or optional provision; see notes,Confirm exact flange kit and seal sizes/quantities; not separately identifiable in the snapshot.,Current Fusion service-upgrade revision
Unspecified / not procurement-ready,Cable penetrators / blanking plugs / connectors,TBD,set,Required or optional provision; see notes,Rear cap has five M10 openings in the CAD label; allocation and sealing hardware not finalized.,Current Fusion service-upgrade revision
Unspecified / not procurement-ready,"Power wiring, distribution, fuse and isolation hardware",TBD,set,Required or optional provision; see notes,Electrical architecture and current requirements not validated.,Current Fusion service-upgrade revision
Unspecified / not procurement-ready,Topside communication/control equipment,TBD,set,Required or optional provision; see notes,Tether communication interface and operator controls to be specified.,Current Fusion service-upgrade revision
Unspecified / not procurement-ready,Battery charger and operating spares,TBD,set,Required or optional provision; see notes,Support equipment; select after actual battery and electrical design are confirmed.,Current Fusion service-upgrade revision
